id,source,description,host_id,host_url,host_since,host_location,host_response_time,host_response_rate,host_acceptance_rate,host_is_superhost,host_neighbourhood,host_listings_count,host_total_listings_count,host_verifications,host_has_profile_pic,host_identity_verified,neighbourhood,neighbourhood_cleansed,neighbourhood_group_cleansed,latitude,longitude,property_type,room_type,accommodates,bathrooms,bathrooms_text,bedrooms,beds,amenities,price,minimum_nights,maximum_nights,minimum_minimum_nights,maximum_minimum_nights,minimum_maximum_nights,maximum_maximum_nights,minimum_nights_avg_ntm,maximum_nights_avg_ntm,calendar_updated,has_availability,availability_30,availability_60,availability_90,availability_365,number_of_reviews,number_of_reviews_ltm,number_of_reviews_l30d,availability_eoy,number_of_reviews_ly,estimated_occupancy_l365d,estimated_revenue_l365d,first_review,last_review,review_scores_rating,review_scores_accuracy,review_scores_cleanliness,review_scores_checkin,review_scores_communication,review_scores_location,review_scores_value,instant_bookable,calculated_host_listings_count,calculated_host_listings_count_entire_homes,calculated_host_listings_count_private_rooms,calculated_host_listings_count_shared_rooms,reviews_per_month,amenity_count,zipcode,INCOME_HOUSEHOLD_MEDIAN,price_per_person,log_price,host_listing_ratio,is_entire_home,host_verification_count
9501054.0,city scrape,"Great location within walking distance to the Capital. It is a good size bedroom with WiFi internet . Private full bath.  We provide in the room a small refrigerator, Microwave ,coffee pot,iron ,hair dryer and  TV. Lots of entertainment nearby. Brew pubs, restaurants, the NYS Museum. Governor's Mansion. Washington Park.Capital Rep Theater as well as the Palace Theater.",29288920,https://www.airbnb.com/users/show/29288920,3/13/2015,"Albany, NY",within an hour,100%,99%,t,,2,2,"['email', 'phone', 'work_email']",t,t,Neighborhood highlights,SECOND WARD,,42.64734,-73.75851,Private room in rental unit,Private room,2,1.0,1 private bath,1,2,"[""Iron"", ""Mini fridge"", ""Window AC unit"", ""Coffee maker"", ""Shampoo"", ""Refrigerator"", ""Long term stays allowed"", ""Essentials"", ""Self check-in"", ""Lock on bedroom door"", ""Portable fans"", ""Shower gel"", ""Hangers"", ""Bed linens"", ""Lockbox"", ""Private entrance"", ""Smoke alarm"", ""Hair dryer"", ""Microwave"", ""Heating"", ""Dedicated workspace"", ""TV with standard cable"", ""Carbon monoxide alarm"", ""Hot water"", ""Wifi"", ""Free street parking"", ""Laundromat nearby"", ""Dishes and silverware""]",52,1,60,1,1,60,60,1.0,60.0,,t,11,25,52,52,415,36,2,52,42,216,11232,2/2/2016,4/25/2025,4.56,4.72,4.51,4.84,4.86,4.76,4.67,f,2,1,1,0,3.69,28,12207,32418,26.0,3.970291914,0.090909091,0,3
11639446.0,city scrape,"Regular breakfast free<br /><br />Lunch packed $5<br />Dinner Plate $10<br /><br />We updated cleaning protocol because of COVID-19 pandemic<br /><br />OUR PRIORITY IS ORGANIC LIFE SO OTHER THING IS LESS IMPORTANT <br />FREE LAUNDRY <br />AIR CONDITIONING <br />No parking space on premises just street parking<br />.<br />Internet High speed WiFi,<br />This building is 100 years older.<br />We don't use chemical pesticides ,chemical cleaning stuff.We use Vinegar,baking powder,biological pesticides .<br />Therefore not fancy clea",61700428,https://www.airbnb.com/users/show/61700428,3/5/2016,"Albany, NY",Unknown,,50%,f,,2,2,"['email', 'phone']",t,t,Neighborhood highlights,ELEVENTH WARD,,42.67583,-73.78297,Private room in home,Private room,1,1.5,1.5 shared baths,0,1,"[""Books and reading material"", ""Breakfast"", ""Shampoo"", ""Refrigerator"", ""Long term stays allowed"", ""Essentials"", ""Cooking basics"", ""Free dryer \u2013 In building"", ""Dishes and silverware"", ""Conditioner"", ""Kitchen"", ""First aid kit"", ""Hangers"", ""Host greets you"", ""Smoke alarm"", ""Free washer \u2013 In building"", ""Hair dryer"", ""Clothing storage: closet"", ""Microwave"", ""Heating"", ""Carbon monoxide alarm"", ""Oven"", ""Hot water"", ""Gas stove"", ""Wifi"", ""Free street parking"", ""Dishwasher"", ""Safe""]",55,15,112,15,15,112,112,15.0,112.0,,t,30,60,90,365,231,0,0,244,2,0,0,5/31/2016,2/29/2024,4.81,4.87,4.37,4.94,4.96,4.52,4.87,f,2,0,2,0,2.13,28,12206,38931,55.0,4.025351691,0.090909091,0,2
21769213.0,city scrape,"Relax in our cozy home on a quiet one-way street. Plenty of free street parking available.<br />With a large dining and living room, fully stocked kitchen, and furnished private room, our home is the perfect affordable stay for working professionals, students, and people in-between housing.<br /><br /><br />Newly furnished and renovated in 2017.<br />Minutes from major universities and hospitals.<br />Entire home is 3 bed 1 bath (you have a private bedroom with door lock).<br />CDTA Bus stop 1 block away.",135717458,https://www.airbnb.com/users/show/135717458,6/18/2017,"Gloversville, NY",within an hour,100%,100%,t,,15,15,['phone'],t,t,,ELEVENTH WARD,,42.66572,-73.77834,Private room in home,Private room,2,1.0,1 shared bath,1,1,"[""Books and reading material"", ""Iron"", ""Luggage dropoff allowed"", ""Window AC unit"", ""Refrigerator"", ""Long term stays allowed"", ""Coffee maker: drip coffee maker"", ""Essentials"", ""Toaster"", ""Cooking basics"", ""Freezer"", ""Self check-in"", ""Baking sheet"", ""Lock on bedroom door"", ""Kitchen"", ""First aid kit"", ""Hangers"", ""Free dryer \u2013 In unit"", ""Keypad"", ""TV"", ""Bathtub"", ""Bed linens"", ""Stove"", ""Fire extinguisher"", ""Free washer \u2013 In unit"", ""Smoke alarm"", ""Hair dryer"", ""Clothing storage: closet"", ""Shared patio or balcony"", ""Microwave"", ""Dining table"", ""Dedicated workspace"", ""Carbon monoxide alarm"", ""Oven"", ""Hot water"", ""Wifi"", ""Free street parking"", ""Cleaning products"", ""Blender"", ""Shared backyard \u2013 Fully fenced"", ""Dishwasher"", ""Outdoor furniture"", ""Radiant heating"", ""Dishes and silverware""]",32,18,1125,18,18,1125,1125,18.0,1125.0,,t,0,0,0,271,32,8,0,150,9,255,8160,12/28/2017,2/28/2025,4.84,4.78,4.69,4.97,4.97,4.69,4.69,t,3,0,3,0,0.36,44,12206,38931,16.0,3.496507561,0.136363636,0,1
21769439.0,city scrape,"Relax in our cozy home on a quiet one-way street. Plenty of free street parking available.<br />With a large dining and living room, fully stocked kitchen, and furnished private room, our home is the perfect affordable stay for working professionals, students, and people in-between housing.<br /><br /><br />Newly furnished and renovated in 2017.<br />Minutes from major universities and hospitals.<br />Entire home is 3 bed 1 bath (you have a private bedroom with door lock).<br />CDTA Bus stop 1 block away.",135717458,https://www.airbnb.com/users/show/135717458,6/18/2017,"Gloversville, NY",within an hour,100%,100%,t,,15,15,['phone'],t,t,,ELEVENTH WARD,,42.66703,-73.77842,Private room in home,Private room,1,1.0,1 shared bath,1,1,"[""Books and reading material"", ""Iron"", ""Luggage dropoff allowed"", ""Window AC unit"", ""Hammock"", ""Refrigerator"", ""Long term stays allowed"", ""Coffee maker: drip coffee maker"", ""Essentials"", ""Toaster"", ""Cooking basics"", ""Freezer"", ""Self check-in"", ""Baking sheet"", ""Lock on bedroom door"", ""First aid kit"", ""Hangers"", ""Free dryer \u2013 In unit"", ""Keypad"", ""TV"", ""Bathtub"", ""Bed linens"", ""Stove"", ""Fire extinguisher"", ""Free washer \u2013 In unit"", ""Smoke alarm"", ""Hair dryer"", ""Clothing storage: walk-in closet"", ""Microwave"", ""Shared patio or balcony"", ""Dining table"", ""Dedicated workspace"", ""Carbon monoxide alarm"", ""Oven"", ""Hot water"", ""Wifi"", ""Free street parking"", ""Cleaning products"", ""Blender"", ""Shared backyard \u2013 Fully fenced"", ""Dishwasher"", ""Outdoor furniture"", ""Radiant heating"", ""Dishes and silverware""]",35,18,1125,18,18,1125,1125,18.0,1125.0,,t,13,43,73,348,26,4,0,227,4,144,5040,12/16/2017,1/24/2025,4.77,4.65,4.58,4.96,5.0,4.69,4.73,t,3,0,3,0,0.29,44,12206,38931,35.0,3.583518938,0.136363636,0,1
33558235.0,city scrape,"BOOK this 2-bedroom 2nd floor apt. w/ full amenities! Renovated historic 200-year-old building in quiet neighborhood of Albany's Pastures. Great location near Albany Medical Center, MVP Arena, Empire State Plaza, Library, Lark Street, State Offices, courts; easy access to local & regional bus routes and highways (I-787, I-90 & I-87). <br /><br />Accommodates up to 6 NON-SMOKING guests.<br />Toiletries included.<br /><br />Save & BOOK this trendy suite w/ deck today!<br />Message me anytime. Hope to welcome you soon!<br /><br />-Earl",44434571,https://www.airbnb.com/users/show/44434571,9/17/2015,,within an hour,100%,99%,t,Pastures,9,11,"['email', 'phone']",t,t,Neighborhood highlights,SECOND WARD,,42.64585,-73.75297,Entire rental unit,Entire home/apt,6,1.0,1 bath,2,2,"[""Iron"", ""Luggage dropoff allowed"", ""Window AC unit"", ""Crib"", ""Coffee maker"", ""Shampoo"", ""Refrigerator"", ""Long term stays allowed"", ""Exterior security cameras on property"", ""Essentials"", ""Cooking basics"", ""Freezer"", ""52 inch HDTV with Amazon Prime Video, Chromecast, Disney+, Fire TV, Hulu, Netflix"", ""Noise decibel monitors on property"", ""Self check-in"", ""Conditioner"", ""Kitchen"", ""First aid kit"", ""Pets allowed"", ""Smart lock"", ""Shower gel"", ""Hangers"", ""Ceiling fan"", ""Private patio or balcony"", ""Bathtub"", ""Bed linens"", ""Pack \u2019n play/Travel crib - always at the listing"", ""Extra pillows and blankets"", ""Stove"", ""Fire extinguisher"", ""Private entrance"", ""Body soap"", ""Paid parking off premises"", ""Smoke alarm"", ""Free washer \u2013 In building"", ""Hair dryer"", ""Free parking on premises"", ""Microwave"", ""Dining table"", ""Heating"", ""Dedicated workspace"", ""Paid parking on premises"", ""Carbon monoxide alarm"", ""Oven"", ""Hot water"", ""Wifi"", ""Free street parking"", ""Laundromat nearby"", ""Shared backyard \u2013 Fully fenced"", ""Clothing storage"", ""Dishes and silverware""]",86,1,28,1,3,1125,1125,2.2,1125.0,,t,22,47,74,345,451,45,3,224,37,255,21930,4/20/2019,4/28/2025,4.75,4.8,4.75,4.84,4.87,4.63,4.76,f,9,9,0,0,6.14,51,12207,32418,14.33333333,4.465908119,0.409090909,1,2
44180048.0,city scrape,"1st floor studio in Historic Brownstone 1800's across the street from Washington park. Beautiful woodwork throughout with all the comforts & amenities of home. Quiet area where you can walk or jog in the park or just enjoy a cup of coffee outside. Choice of restaurants and stores on Lark street, movie theater, hospitals and malls all in close proximity. We are located on State street in Albany in a desirable residential area. ((NO PARTIES!!))",355777684,https://www.airbnb.com/users/show/355777684,7/11/2020,"Albany, NY",within an hour,100%,97%,t,Central Avenue,3,3,"['email', 'phone']",t,t,Neighborhood highlights,SIXTH WARD,,42.65935,-73.76805,Entire rental unit,Entire home/apt,4,1.0,1 bath,0,1,"[""Park view"", ""Iron"", ""Crib"", ""Coffee maker"", ""Shampoo"", ""Refrigerator"", ""Long term stays allowed"", ""Exterior security cameras on property"", ""Essentials"", ""Cooking basics"", ""Self check-in"", ""Pack \u2019n play/Travel crib"", ""Kitchen"", ""First aid kit"", ""Smart lock"", ""Hangers"", ""TV"", ""Bathtub"", ""Bed linens"", ""Extra pillows and blankets"", ""Stove"", ""Fire extinguisher"", ""Private entrance"", ""Smoke alarm"", ""Air conditioning"", ""Hair dryer"", ""Free parking on premises"", ""Microwave"", ""Heating"", ""Carbon monoxide alarm"", ""Oven"", ""Hot water"", ""Wifi"", ""Free street parking"", ""Dishes and silverware""]",99,1,365,1,1,365,365,1.0,365.0,,t,9,28,43,298,367,35,1,177,41,210,20790,7/17/2020,4/14/2025,4.97,4.98,4.99,4.98,4.99,4.95,4.96,f,3,3,0,0,6.29,35,12206,38931,24.75,4.605170186,0.136363636,1,2
45529316.0,city scrape,"Newly renovated, modern and bright! Live in style in the heart of downtown Albany. Located at a PRIME location and walking distance to popular restaurants, and cafes on Lark Street. All the local attractions including The Egg, Empire State Plaza, Times Union Center are less than 5 minutes away. 4K Smart TV with Netflix, fully stocked kitchen & bathroom with all travel essentials, high speed internet ready for you to use! Free street parking. Available for long term stays!",47625981,https://www.airbnb.com/users/show/47625981,10/28/2015,"Albany, NY",within an hour,97%,97%,f,Mansion Area,19,19,"['email', 'phone']",t,t,Neighborhood highlights,SECOND WARD,,42.64821,-73.75793,Entire rental unit,Entire home/apt,3,1.0,1 bath,1,1,"[""Iron"", ""Coffee maker: Keurig coffee machine"", ""Coffee"", ""Luggage dropoff allowed"", ""Shampoo"", ""Refrigerator"", ""Long term stays allowed"", ""Exterior security cameras on property"", ""Essentials"", ""Toaster"", ""Cooking basics"", ""Freezer"", ""Electric stove"", ""Self check-in"", ""Paid parking lot off premises"", ""Conditioner"", ""Kitchen"", ""First aid kit"", ""Pets allowed"", ""Hangers"", ""Wine glasses"", ""TV"", ""Lockbox"", ""Fire extinguisher"", ""Private entrance"", ""Body soap"", ""Smoke alarm"", ""Air conditioning"", ""Hair dryer"", ""Clothing storage: closet"", ""Microwave"", ""Dining table"", ""Heating"", ""Carbon monoxide alarm"", ""Hot water"", ""Wifi"", ""Free street parking"", ""Cleaning products"", ""Laundromat nearby"", ""Dishwasher"", ""Dishes and silverware""]",108,1,1125,1,2,1125,1125,1.3,1125.0,,t,21,47,70,340,120,19,0,219,21,114,12312,1/26/2021,3/16/2025,4.78,4.83,4.88,4.85,4.93,4.48,4.72,f,18,18,0,0,2.31,41,12207,32418,36.0,4.691347882,0.818181818,1,2
45529447.0,city scrape,"Live in style! This TRENDY apt has top quality appliances, modern finishes and is located at a PRIME downtown Albany location. <br /><br />4K Smart TV with Netflix, fully stocked kitchen & bathroom with all travel essentials, high speed internet! Free street parking. Available for long term stays!<br /><br />**Important<br />To prevent underage parties, weekend bookings are only available for 25+. When reserving, please share a photo of your ID that matches your name on Airbnb or your LinkedIn profile.",47625981,https://www.airbnb.com/users/show/47625981,10/28/2015,"Albany, NY",within an hour,97%,97%,f,Mansion Area,19,19,"['email', 'phone']",t,t,Neighborhood highlights,SECOND WARD,,42.64713,-73.75628,Entire rental unit,Entire home/apt,4,1.0,1 bath,2,2,"[""Iron"", ""Coffee maker: Keurig coffee machine"", ""Coffee"", ""Luggage dropoff allowed"", ""Shampoo"", ""Refrigerator"", ""Long term stays allowed"", ""Exterior security cameras on property"", ""Essentials"", ""Cooking basics"", ""Freezer"", ""Self check-in"", ""Paid parking lot off premises"", ""Conditioner"", ""Kitchen"", ""Pets allowed"", ""Shower gel"", ""Hangers"", ""Wine glasses"", ""TV"", ""Room-darkening shades"", ""Bed linens"", ""Lockbox"", ""Extra pillows and blankets"", ""Stove"", ""Fire extinguisher"", ""Private entrance"", ""Body soap"", ""Smoke alarm"", ""Air conditioning"", ""Hair dryer"", ""Microwave"", ""Dining table"", ""Heating"", ""Carbon monoxide alarm"", ""Oven"", ""Hot water"", ""Wifi"", ""Free street parking"", ""Cleaning products"", ""Laundromat nearby"", ""Dishwasher"", ""Clothing storage"", ""Dishes and silverware""]",117,1,1125,1,2,1125,1125,1.3,1125.0,,t,19,46,71,222,144,21,1,222,24,126,14742,2/2/2021,4/21/2025,4.66,4.74,4.76,4.9,4.87,4.47,4.58,f,18,18,0,0,2.79,44,12207,32418,29.25,4.770684624,0.818181818,1,2
47943571.0,city scrape,"Charming 1 Bedroom + Workstation apartment in Downtown Albany. Centrally located and easy walking! Free Fast and Furious Arcade Game. Pets allowed! 2nd FL apartment with an elevator on site! <br /><br />Enjoy hardwood floors, a custom kitchen, soaking bathtub, and central AC. Features a Queen bed, pull-out couch, workstation with monitor, and free WiFi. Includes access to a shared washer/dryer. <br /><br />For long term stays over 1 month, a monthly parking space will be included. Parking garage close by.",385664127,https://www.airbnb.com/users/show/385664127,1/22/2021,"New York, NY",within an hour,100%,99%,t,Downtown,7,9,"['email', 'phone']",t,t,Neighborhood highlights,THIRD WARD,,42.65118,-73.75274,Entire rental unit,Entire home/apt,4,1.0,1 bath,1,2,"[""Breakfast"", ""Coffee maker: Keurig coffee machine"", ""Shampoo"", ""Refrigerator"", ""Long term stays allowed"", ""Exterior security cameras on property"", ""Essentials"", ""Toaster"", ""Cooking basics"", ""Freezer"", ""Free dryer \u2013 In building"", ""Barbecue utensils"", ""Electric stove"", ""Self check-in"", ""Conditioner"", ""Kitchen"", ""Pets allowed"", ""Shower gel"", ""Hangers"", ""Keypad"", ""TV"", ""Room-darkening shades"", ""Bathtub"", ""Bed linens"", ""Extra pillows and blankets"", ""Children\u2019s books and toys for ages 0-2 years old and 2-5 years old"", ""Fire extinguisher"", ""Body soap"", ""Board games"", ""Smoke alarm"", ""River view"", ""Free washer \u2013 In building"", ""Air conditioning"", ""Hair dryer"", ""Microwave"", ""Bluetooth Speaker Bluetooth sound system"", ""Crib - available upon request"", ""Central heating"", ""Dedicated workspace"", ""City skyline view"", ""Carbon monoxide alarm"", ""Oven"", ""Hot water"", ""Wifi"", ""Free street parking"", ""Cleaning products"", ""Elevator"", ""Laundromat nearby"", ""Dishes and silverware""]",92,2,1125,2,4,1125,1125,2.0,1125.0,,t,20,42,65,249,166,29,2,215,33,174,16008,2/14/2021,4/29/2025,4.88,4.93,4.97,4.95,4.89,4.9,4.86,t,2,2,0,0,3.24,49,12207,32418,23.0,4.532599493,0.090909091,1,2
50207226.0,city scrape,"BEAUTIFULLY renovated and stylish apartment with CHARACTER in a historic building. 4K Smart TV with Netflix, and high speed internet ready for you to use! This property comes with a fully stocked kitchen, in unit washer/dryer, free resident lot parking, and a fenced shared backyard with bbq for guests to enjoy. <br /><br />This unit is located on floor 1 and is available for long term stays.",47625981,https://www.airbnb.com/users/show/47625981,10/28/2015,"Albany, NY",within an hour,97%,97%,f,Mansion Area,19,19,"['email', 'phone']",t,t,Neighborhood highlights,FOURTH WARD,,42.65888,-73.74673,Entire rental unit,Entire home/apt,3,1.0,1 bath,1,2,"[""Iron"", ""Coffee maker: Keurig coffee machine"", ""Coffee"", ""Luggage dropoff allowed"", ""Shampoo"", ""Refrigerator"", ""Long term stays allowed"", ""Exterior security cameras on property"", ""Essentials"", ""Cooking basics"", ""Freezer"", ""Hot water kettle"", ""Self check-in"", ""Conditioner"", ""Kitchen"", ""Washer"", ""First aid kit"", ""Pets allowed"", ""Hangers"", ""Wine glasses"", ""TV"", ""Room-darkening shades"", ""Lockbox"", ""Stove"", ""Fire extinguisher"", ""Body soap"", ""Smoke alarm"", ""Air conditioning"", ""Hair dryer"", ""Free parking on premises"", ""Microwave"", ""Dining table"", ""Heating"", ""Dedicated workspace"", ""Dryer"", ""Carbon monoxide alarm"", ""Oven"", ""Hot water"", ""Wifi"", ""Free street parking"", ""Cleaning products"", ""Laundromat nearby"", ""Shared backyard \u2013 Fully fenced"", ""Dishwasher"", ""Clothing storage"", ""Dishes and silverware""]",104,1,1125,1,2,1125,1125,1.3,1125.0,,t,25,53,79,229,85,12,0,229,12,72,7488,6/9/2021,3/9/2025,4.84,4.91,4.81,4.92,4.94,4.52,4.81,f,18,18,0,0,1.79,46,12207,32418,34.66666667,4.65396035,0.818181818,1,2
50639032.0,city scrape,"Relax in the garden, swing in the hammock and read, walk to a nearby bar, or travel 8 minutes and go dancing or listen to some of the Capital Region's exceptional music. This centrally located space has it all!  Walking distance to local bars and restaurants, and a 15 minute drive to trails and state parks. Backyard fire pit, large garden with sitting areas, fruit trees, herbs, hammocks, and spaces to unwind, you won't even know you are in the city!",172539578,https://www.airbnb.com/users/show/172539578,2/9/2018,"Albany, NY",within an hour,100%,100%,f,,3,4,"['email', 'phone']",t,t,Neighborhood highlights,FIFTEENTH WARD,,42.67945,-73.81647,Private room in home,Private room,1,1.0,1 shared bath,1,1,"[""Books and reading material"", ""Iron"", ""Single level home"", ""Mini fridge"", ""Luggage dropoff allowed"", ""Window AC unit"", ""Coffee maker"", ""Hammock"", ""Sound system with Bluetooth and aux"", ""Refrigerator"", ""Long term stays allowed"", ""Exterior security cameras on property"", ""Private backyard \u2013 Fully fenced"", ""Essentials"", ""Cooking basics"", ""Freezer"", ""Piano"", ""Barbecue utensils"", ""Self check-in"", ""Baking sheet"", ""Lock on bedroom door"", ""Clothing storage: closet and dresser"", ""Kitchen"", ""First aid kit"", ""Portable fans"", ""Hangers"", ""Ceiling fan"", ""Free dryer \u2013 In unit"", ""Wine glasses"", ""TV"", ""Indoor fireplace"", ""Kayak"", ""Room-darkening shades"", ""Bathtub"", ""Bed linens"", ""Lockbox"", ""Extra pillows and blankets"", ""Fire extinguisher"", ""Free washer \u2013 In unit"", ""Private gym in building"", ""Body soap"", ""Board games"", ""BBQ grill"", ""Smoke alarm"", ""Stainless steel electric stove"", ""Hair dryer"", ""Free parking on premises"", ""Fire pit"", ""Shared patio or balcony"", ""Dining table"", ""Fast wifi \u2013 149 Mbps"", ""Stainless steel oven"", ""Exercise equipment"", ""Central heating"", ""Dedicated workspace"", ""Carbon monoxide alarm"", ""Hot water"", ""Record player"", ""Outdoor dining area"", ""Free street parking"", ""Cleaning products"", ""Blender"", ""Dishwasher"", ""Fireplace guards"", ""Dishes and silverware""]",44,3,1125,3,3,1125,1125,3.0,1125.0,,t,30,60,61,76,45,8,0,76,9,48,2112,9/26/2021,12/6/2024,4.93,4.84,4.82,4.96,4.96,4.91,4.91,f,3,1,2,0,1.03,65,12226,69505,44.0,3.80666249,0.136363636,0,2
50890336.0,city scrape,"This beautifully renovated and brightly decorated brownstone in historic Albany is your perfect getaway. Located just minutes from charming downtown, guests can enjoy all Albany has to offer. <br /><br />Very spacious bedroom and living area with an abundance of natural light creates a very comfortable environment! It features a fully stocked kitchen, in unit washer/dryer, free resident lot parking, and a fenced shared backyard with bbq for guests to enjoy.<br /><br />Long term stays available.",47625981,https://www.airbnb.com/users/show/47625981,10/28/2015,"Albany, NY",within an hour,97%,97%,f,Mansion Area,19,19,"['email', 'phone']",t,t,Neighborhood highlights,FOURTH WARD,,42.65901,-73.74748,Entire rental unit,Entire home/apt,2,1.0,1 bath,1,1,"[""Iron"", ""Coffee maker: Keurig coffee machine"", ""Coffee"", ""Luggage dropoff allowed"", ""Shampoo"", ""Refrigerator"", ""Long term stays allowed"", ""Essentials"", ""Cooking basics"", ""Freezer"", ""Hot water kettle"", ""Self check-in"", ""Conditioner"", ""Kitchen"", ""Washer"", ""First aid kit"", ""Pets allowed"", ""Hangers"", ""Wine glasses"", ""TV"", ""Room-darkening shades"", ""Bed linens"", ""Lockbox"", ""Stove"", ""Fire extinguisher"", ""Body soap"", ""BBQ grill"", ""Smoke alarm"", ""Air conditioning"", ""Hair dryer"", ""Free parking on premises"", ""Fire pit"", ""Microwave"", ""Dining table"", ""Heating"", ""Dedicated workspace"", ""Dryer"", ""Carbon monoxide alarm"", ""Oven"", ""Hot water"", ""Wifi"", ""Free street parking"", ""Cleaning products"", ""Laundromat nearby"", ""Shared backyard \u2013 Fully fenced"", ""Dishwasher"", ""Outdoor furniture"", ""Clothing storage"", ""Dishes and silverware""]",108,1,1125,1,2,1125,1125,1.3,1125.0,,t,0,29,59,211,45,6,0,211,6,36,3888,7/31/2021,7/25/2024,4.62,4.8,4.89,4.91,4.82,4.38,4.56,f,18,18,0,0,0.98,49,12207,32418,54.0,4.691347882,0.818181818,1,2
51503537.0,city scrape,"This modern, luxurious,  and spacious one bedroom with lofted den will exceed all expectations! Located in a mixed use building with a Pizza Shop on the ground floor, other businesses and apartments on the floors above; you will have it all at your fingertips. Staying here will give you the opportunity to be walking distance to anything you may need in downtown Albany! Try out our rooftop seating area, fitness center, and theatre room in your down time. Extended stays welcome!@allseasonsgetaway_",394420519,https://www.airbnb.com/users/show/394420519,3/27/2021,"Glenville, NY",within a few hours,90%,96%,f,Downtown,9,11,"['email', 'phone']",t,t,Neighborhood highlights,THIRD WARD,,42.65061,-73.75006,Entire rental unit,Entire home/apt,2,1.0,1 bath,1,1,"[""Shampoo"", ""Refrigerator"", ""Coffee maker: drip coffee maker"", ""Long term stays allowed"", ""Essentials"", ""Cooking basics"", ""Clothing storage: closet and dresser"", ""Kitchen"", ""Washer"", ""Pets allowed"", ""Shower gel"", ""Hangers"", ""Gym"", ""TV"", ""Bed linens"", ""Body soap"", ""Smoke alarm"", ""Stainless steel electric stove"", ""Air conditioning"", ""Microwave"", ""Dining table"", ""Heating"", ""Stainless steel oven"", ""Dryer"", ""Carbon monoxide alarm"", ""Hot water"", ""Wifi"", ""Elevator"", ""Dishwasher"", ""Dishes and silverware""]",100,4,365,4,4,1125,1125,4.0,1125.0,,t,30,60,90,180,9,1,0,180,2,8,800,9/8/2021,9/9/2024,4.0,4.56,4.22,3.67,4.0,4.56,3.78,f,1,1,0,0,0.2,30,12207,32418,50.0,4.615120517,0.045454545,1,2
51579900.0,city scrape,"This beautifully renovated and brightly decorated brownstone in historic Albany is your perfect getaway. Located just minutes from charming downtown, guests can enjoy all Albany has to offer. <br /><br />This spacious bedroom and living area has an abundance of natural light creates a very comfortable environment! This property comes with a fully stocked kitchen, in unit washer/dryer, free resident lot parking, and a fenced shared backyard with bbq for guests to enjoy.<br /><br />Long term stays available.",47625981,https://www.airbnb.com/users/show/47625981,10/28/2015,"Albany, NY",within an hour,97%,97%,f,Mansion Area,19,19,"['email', 'phone']",t,t,Neighborhood highlights,FOURTH WARD,,42.65856,-73.74866,Entire rental unit,Entire home/apt,3,1.0,1 bath,1,1,"[""Iron"", ""Coffee maker: Keurig coffee machine"", ""Coffee"", ""Luggage dropoff allowed"", ""Shampoo"", ""Refrigerator"", ""Long term stays allowed"", ""Exterior security cameras on property"", ""Essentials"", ""Cooking basics"", ""Freezer"", ""Hot water kettle"", ""Self check-in"", ""Conditioner"", ""Kitchen"", ""First aid kit"", ""Pets allowed"", ""Hangers"", ""Wine glasses"", ""Free dryer \u2013 In unit"", ""TV"", ""Room-darkening shades"", ""Lockbox"", ""Stove"", ""Fire extinguisher"", ""Free washer \u2013 In unit"", ""Body soap"", ""BBQ grill"", ""Smoke alarm"", ""Air conditioning"", ""Hair dryer"", ""Free parking on premises"", ""Fire pit"", ""Microwave"", ""Dining table"", ""Heating"", ""Dedicated workspace"", ""Carbon monoxide alarm"", ""Oven"", ""Hot water"", ""Wifi"", ""Free street parking"", ""Cleaning products"", ""Laundromat nearby"", ""Shared backyard \u2013 Fully fenced"", ""Dishwasher"", ""Outdoor furniture"", ""Clothing storage"", ""Dishes and silverware""]",99,1,1125,1,2,1125,1125,1.3,1125.0,,t,27,55,82,231,75,7,0,231,11,42,4158,8/14/2021,3/22/2025,4.81,4.87,4.8,4.85,4.87,4.57,4.79,f,18,18,0,0,1.66,49,12207,32418,33.0,4.605170186,0.818181818,1,2
51592836.0,city scrape,"Relax in a newly renovated one bedroom/one bathroom apartment located on the first floor of a charming brownstone building. It features lofty ceilings with beautiful architecture and a newly remodeled kitchen. Conveniently located to the Palace Theater, Capitol Rep Theater, Times Union Center and the Empire State Plaza. This rental is in walking distance to many popular eateries, bars, and more to explore!",60293220,https://www.airbnb.com/users/show/60293220,2/24/2016,"Latham, NY",within an hour,100%,100%,t,Ten Broeck Triangle,3,3,"['email', 'phone', 'work_email']",t,t,Neighborhood highlights,THIRD WARD,,42.65844,-73.74978,Entire rental unit,Entire home/apt,2,1.0,1 bath,1,1,"[""Books and reading material"", ""Iron"", ""Window AC unit"", ""Coffee maker"", ""Shampoo"", ""Refrigerator"", ""Long term stays allowed"", ""Courtyard view"", ""Essentials"", ""Toaster"", ""Cooking basics"", ""Freezer"", ""Hot water kettle"", ""Self check-in"", ""Cleaning available during stay"", ""Conditioner"", ""Clothing storage: closet and dresser"", ""42 inch TV"", ""Kitchen"", ""First aid kit"", ""Portable fans"", ""Hangers"", ""Wine glasses"", ""Single oven"", ""Bathtub"", ""Bed linens"", ""Lockbox"", ""Extra pillows and blankets"", ""Fire extinguisher"", ""Private entrance"", ""Body soap"", ""Smoke alarm"", ""Hair dryer"", ""Microwave"", ""Dedicated workspace"", ""Carbon monoxide alarm"", ""Hot water"", ""Gas stove"", ""Wifi"", ""Free street parking"", ""Cleaning products"", ""Dishwasher"", ""Radiant heating"", ""Dishes and silverware""]",89,2,365,2,3,365,365,2.3,365.0,,t,25,55,82,356,88,13,0,236,19,78,6942,10/10/2021,1/1/2025,4.76,4.89,4.64,4.93,4.92,4.48,4.8,f,3,3,0,0,2.03,44,12207,32418,44.5,4.49980967,0.136363636,1,3
51960331.0,city scrape,"This cozy 1-bedroom apartment is located on a cobblestone street in downtown Albany next to our celebrated restaurant, Café Capriccio, one of Albany's finest and most honored Italian restaurants for over 4 decades. You will have a lovely, private covered deck, overlooking a view of Café Capriccio’s Tuscan Garden patio dining area in summer and fall.",418024477,https://www.airbnb.com/users/show/418024477,8/11/2021,"Albany, NY",within an hour,100%,93%,t,Mansion Area,1,4,"['email', 'phone']",t,t,Neighborhood highlights,SECOND WARD,,42.64684,-73.75614,Entire rental unit,Entire home/apt,2,1.0,1 bath,1,1,"[""Books and reading material"", ""Iron"", ""Coffee maker: Keurig coffee machine"", ""Coffee"", ""Window AC unit"", ""Shampoo"", ""Refrigerator"", ""38 inch HDTV with Amazon Prime Video, Netflix, standard cable"", ""Courtyard view"", ""Essentials"", ""Toaster"", ""Cooking basics"", ""Baking sheet"", ""Conditioner"", ""Paid parking lot off premises"", ""Kitchen"", ""First aid kit"", ""Portable fans"", ""Private patio or balcony"", ""Ceiling fan"", ""Hangers"", ""Wine glasses"", ""Garden view"", ""Bathtub"", ""Bed linens"", ""Extra pillows and blankets"", ""Stove"", ""Fire extinguisher"", ""Private entrance"", ""Body soap"", ""Smoke alarm"", ""Hair dryer"", ""Clothing storage: closet"", ""Microwave"", ""Dining table"", ""Carbon monoxide alarm"", ""Oven"", ""Hot water"", ""Outdoor dining area"", ""Wifi"", ""Free street parking"", ""Cleaning products"", ""Laundromat nearby"", ""Outdoor furniture"", ""Radiant heating"", ""Dishes and silverware""]",100,1,7,1,1,7,7,1.0,7.0,,t,28,55,78,166,111,28,0,166,28,168,16800,9/19/2021,3/23/2025,4.88,4.9,4.86,5.0,5.0,4.63,4.83,f,1,1,0,0,2.52,46,12207,32418,50.0,4.615120517,0.045454545,1,2
52837196.0,city scrape,"BEAUTIFULLY renovated apartment with CHARACTER in a historic building. This is a ground floor unit with direct fenced backyard access and a private patio! Ideal for pet owners! 4K Smart TV with Netflix, and high speed internet ready for you to use! This property comes with a fully stocked kitchen, in unit washer/dryer, free resident lot parking, and a fenced shared backyard with bbq for guests to enjoy.",47625981,https://www.airbnb.com/users/show/47625981,10/28/2015,"Albany, NY",within an hour,97%,97%,f,Mansion Area,19,19,"['email', 'phone']",t,t,Neighborhood highlights,FOURTH WARD,,42.65812,-73.74837,Entire rental unit,Entire home/apt,3,1.0,1 bath,1,1,"[""Iron"", ""Coffee maker: Keurig coffee machine"", ""Coffee"", ""Luggage dropoff allowed"", ""Shampoo"", ""Refrigerator"", ""Long term stays allowed"", ""Private backyard \u2013 Fully fenced"", ""Essentials"", ""Cooking basics"", ""Freezer"", ""Self check-in"", ""Conditioner"", ""Kitchen"", ""Washer"", ""First aid kit"", ""Pets allowed"", ""Smart lock"", ""Private patio or balcony"", ""Hangers"", ""Wine glasses"", ""TV"", ""Room-darkening shades"", ""Stove"", ""Private entrance"", ""Body soap"", ""BBQ grill"", ""Smoke alarm"", ""Air conditioning"", ""Hair dryer"", ""Free parking on premises"", ""Fire pit"", ""Microwave"", ""Heating"", ""Dedicated workspace"", ""Dryer"", ""Rice maker"", ""Carbon monoxide alarm"", ""Oven"", ""Hot water"", ""Wifi"", ""Free street parking"", ""Cleaning products"", ""Laundromat nearby"", ""Dishwasher"", ""Outdoor furniture"", ""Clothing storage"", ""Dishes and silverware""]",104,1,1125,1,2,1125,1125,1.3,1125.0,,t,24,53,78,229,73,10,1,229,15,60,6240,10/24/2021,4/14/2025,4.71,4.75,4.6,4.77,4.78,4.53,4.62,f,18,18,0,0,1.7,48,12207,32418,34.66666667,4.65396035,0.818181818,1,2
54097694.0,city scrape,"You'll love this unique and romantic escape. Suitable for pre-gaming a night out or to rendezvous after a night out! Perfect for small intimate gatherings or for just you and that special someone. Folding tables, chairs and other amenities available. Great for Sip and Paints, private dinners etc. Venue is safe and secure. This space rents in hourly blocks starting at $75.00 per hour.",438504176,https://www.airbnb.com/users/show/438504176,1/2/2022,,Unknown,,50%,f,Mansion Area,1,1,"['email', 'phone']",f,t,Neighborhood highlights,SECOND WARD,,42.64683,-73.75662,Entire place,Entire home/apt,4,0.5,Half-bath,0,1,"[""Self check-in"", ""Building staff"", ""Carbon monoxide alarm"", ""Fire extinguisher"", ""Indoor fireplace"", ""Kitchen"", ""Wifi"", ""Exterior security cameras on property"", ""Smoke alarm"", ""TV""]",300,1,1,1,1,1,1,1.0,1.0,,t,30,60,90,365,0,0,0,244,0,0,0,,,,0.0,0.0,0.0,0.0,0.0,0.0,f,1,1,0,0,1.21,10,12207,32418,75.0,5.707110265,0.045454545,1,2
6.29e+17,city scrape,"Located in the heart of Albany's Sheridan-Hollow district. This is a newly renovated two-bedroom apartment. Accessible to public transit, Albany Medical Center, UAlbany, Washington Park, and more. This experience is being offered unfurnished, just a blank canvas for you to decorate and furnish to your liking. Includes central heating & cooling, WiFi, Utilities (Hot water, gas, and electric), coded key-pad entry, washer & dryer hook-up, and upgraded appliances. No furniture or beds included!",7164949,https://www.airbnb.com/users/show/7164949,6/28/2013,,Unknown,,0%,f,Sheridan Hollow,1,2,"['email', 'phone']",t,f,,THIRD WARD,,42.66169975,-73.76466828,Private room in rental unit,Private room,1,1.0,1 private bath,2,2,"[""Self check-in"", ""Lockbox"", ""Central heating"", ""Hotpoint refrigerator"", ""Carbon monoxide alarm"", ""Kitchen"", ""Hotpoint gas stove"", ""Ethernet connection"", ""Wifi"", ""Free street parking"", ""Pets allowed"", ""Exterior security cameras on property"", ""Long term stays allowed"", ""Smoke alarm"", ""Air conditioning"", ""Hotpoint oven""]",58,2,7,2,2,7,7,2.0,7.0,,t,29,59,88,88,0,0,0,88,0,0,0,,,,0.0,0.0,0.0,0.0,0.0,0.0,f,1,0,1,0,1.21,16,12206,38931,58.0,4.077537444,0.045454545,0,2
6.54e+17,city scrape,"Modern apartment with CHARACTER in a historic building. <br /><br />This is a ground floor unit with direct fenced backyard access and a private patio! Ideal for pet owners! 4K Smart TV with Netflix, and high speed internet ready for you to use! This property comes with a fully stocked kitchen, in unit washer/dryer, free resident lot parking, and a fenced shared backyard with bbq grill for guests to enjoy.",47625981,https://www.airbnb.com/users/show/47625981,10/28/2015,"Albany, NY",within an hour,97%,97%,f,Mansion Area,19,19,"['email', 'phone']",t,t,Neighborhood highlights,FOURTH WARD,,42.65752,-73.74743,Entire rental unit,Entire home/apt,2,1.0,1 bath,1,1,"[""Iron"", ""Coffee maker: Keurig coffee machine"", ""Coffee"", ""Luggage dropoff allowed"", ""Shampoo"", ""Refrigerator"", ""Long term stays allowed"", ""Essentials"", ""Toaster"", ""Cooking basics"", ""Freezer"", ""Hot water kettle"", ""Self check-in"", ""Conditioner"", ""Kitchen"", ""Washer"", ""First aid kit"", ""Pets allowed"", ""Hangers"", ""Wine glasses"", ""TV"", ""Room-darkening shades"", ""Bed linens"", ""Lockbox"", ""Backyard"", ""Extra pillows and blankets"", ""Stove"", ""Fire extinguisher"", ""Body soap"", ""BBQ grill"", ""Smoke alarm"", ""Hair dryer"", ""Free parking on premises"", ""Fire pit"", ""Microwave"", ""Dining table"", ""Heating"", ""Dedicated workspace"", ""Dryer"", ""Carbon monoxide alarm"", ""Oven"", ""Hot water"", ""Wifi"", ""Free street parking"", ""Cleaning products"", ""Laundromat nearby"", ""Central air conditioning"", ""Dishwasher"", ""Outdoor furniture"", ""Clothing storage"", ""Dishes and silverware""]",104,1,365,1,2,1125,1125,1.3,1125.0,,t,5,34,64,336,51,10,0,216,15,60,6240,7/18/2022,12/1/2024,4.57,4.76,4.61,4.8,4.92,4.57,4.49,f,18,18,0,0,1.5,51,12207,32418,52.0,4.65396035,0.818181818,1,2
7.51e+17,city scrape,You'll Love this Newly renovated Modern Charming Place to stay. Enjoy the spacious back yard for fresh air or relax inside enjoying the detailed wood accent Throughout the unit with a touch or Brick Detailing. <br /><br />Short Drive or 10-15minute walk to local attractions and theatre. Less than a minute walk to convenience stores. 15 Minute drive to Albany international Airport/Amtrak and Greyhound station.<br /><br />Early Check-In may be possible after 2pm<br /><br />$250 indoor smoking violation fee<br />$250 animal cleaning,486073806,https://www.airbnb.com/users/show/486073806,11/2/2022,"Albany, NY",within an hour,100%,100%,t,West Hill,1,1,"['email', 'phone']",t,t,Neighborhood highlights,FIFTH WARD,,42.66648,-73.76831,Entire rental unit,Entire home/apt,4,1.0,1 bath,2,2,"[""Books and reading material"", ""Iron"", ""Coffee"", ""Refrigerator"", ""Long term stays allowed"", ""Exterior security cameras on property"", ""Essentials"", ""Toaster"", ""Cooking basics"", ""Freezer"", ""Noise decibel monitors on property"", ""Hot water kettle"", ""Self check-in"", ""Kitchen"", ""First aid kit"", ""Ceiling fan"", ""Hangers"", ""Keypad"", ""Room-darkening shades"", ""Bed linens"", ""Extra pillows and blankets"", ""Fire extinguisher"", ""Private entrance"", ""Smoke alarm"", ""55 inch HDTV"", ""Hair dryer"", ""Clothing storage: closet"", ""Microwave"", ""Dining table"", ""Stainless steel oven"", ""Central heating"", ""Carbon monoxide alarm"", ""Hot water"", ""Gas stove"", ""Wifi"", ""Free street parking"", ""Cleaning products"", ""Shared backyard \u2013 Fully fenced"", ""Dishwasher"", ""Dishes and silverware""]",115,2,1125,2,2,1125,1125,2.0,1125.0,,t,25,53,83,355,27,11,0,234,13,66,7590,2/19/2023,2/16/2025,4.96,4.96,4.96,5.0,5.0,4.44,4.93,f,1,1,0,0,1.01,40,12206,38931,28.75,4.753590191,0.045454545,1,2
7.95e+17,city scrape,"If you are a traveling professional, or parents visiting your young adult, enjoy this  stylish home at this centrally-located place. You are 10 minutes from NY State Capital, Suny Albany, Albany Medical Center, etc. The home is 1st floor unit in two family house, which was recently renovated 3 bedrooms and 1 bath. It includes all amenities and functioning washer, dryer and dishwasher. It meets all your needs and a restful stay, close main attractions.",20144241,https://www.airbnb.com/users/show/20144241,8/17/2014,"Northampton, PA",within an hour,100%,100%,t,West Hill,2,2,"['email', 'phone']",t,t,,FIFTH WARD,,42.67283,-73.77367,Entire rental unit,Entire home/apt,6,1.0,1 bath,3,3,"[""Iron"", ""Coffee"", ""Luggage dropoff allowed"", ""Shampoo"", ""Refrigerator"", ""Coffee maker: drip coffee maker"", ""Long term stays allowed"", ""Exterior security cameras on property"", ""Essentials"", ""Cooking basics"", ""Freezer"", ""Hot water kettle"", ""Self check-in"", ""Conditioner"", ""Kitchen"", ""First aid kit"", ""TV with Fire TV"", ""Pets allowed"", ""Smart lock"", ""Shower gel"", ""Hangers"", ""Ceiling fan"", ""Free dryer \u2013 In unit"", ""Room-darkening shades"", ""Bathtub"", ""Bed linens"", ""Stove"", ""Fire extinguisher"", ""Free washer \u2013 In unit"", ""Private entrance"", ""Body soap"", ""Smoke alarm"", ""Hair dryer"", ""Free parking on premises"", ""Microwave"", ""Dining table"", ""Dedicated workspace"", ""Carbon monoxide alarm"", ""Oven"", ""Hot water"", ""Wifi"", ""Free street parking"", ""Cleaning products"", ""Dishwasher"", ""Radiant heating"", ""Dishes and silverware""]",94,3,1125,3,3,1125,1125,3.0,1125.0,,t,16,40,58,58,14,8,1,58,7,48,4512,5/28/2023,4/27/2025,4.43,4.79,4.93,4.86,4.93,3.79,4.64,t,1,1,0,0,0.59,46,12206,38931,15.66666667,4.553876892,0.045454545,1,2
8.07e+17,city scrape,"Enjoy the entire house and surrounding area being at the center of Albany. Near everything like children’s park and new basketball court and outdoor exercise bars, also close to one of the bast grocery stores in Albany (Honest Weight Food Co-op) within 5 minutes!  One street over from the bus stop and just the right distance to be close to the main highway without too much traffic. Impeccable cleaning to make sure you always feel comfortable",110453341,https://www.airbnb.com/users/show/110453341,1/8/2017,"New York, NY",within an hour,100%,100%,f,West Hill,6,13,"['email', 'phone']",t,t,,FIFTH WARD,,42.6684126,-73.7684199,Entire home,Entire home/apt,6,2.0,2 baths,2,3,"[""Iron"", ""Bidet"", ""Coffee maker"", ""Refrigerator"", ""Long term stays allowed"", ""Exterior security cameras on property"", ""Essentials"", ""Cooking basics"", ""Freezer"", ""Self check-in"", ""Cleaning available during stay"", ""Kitchen"", ""Washer"", ""Private backyard \u2013 Not fully fenced"", ""Stainless steel gas stove"", ""Private patio or balcony"", ""Hangers"", ""Free dryer \u2013 In unit"", ""Keypad"", ""TV"", ""Room-darkening shades"", ""Bed linens"", ""Extra pillows and blankets"", ""Fire extinguisher"", ""Body soap"", ""Smoke alarm"", ""Air conditioning"", ""Free parking on premises"", ""Microwave"", ""Trash compactor"", ""Stainless steel oven"", ""Central heating"", ""Carbon monoxide alarm"", ""Hot water"", ""Wifi"", ""Free street parking"", ""Cleaning products"", ""Dishwasher"", ""Clothing storage"", ""Dishes and silverware""]",95,1,360,1,1,1125,1125,1.0,1125.0,,t,27,55,85,327,39,16,0,237,16,96,9120,1/29/2023,3/16/2025,4.44,4.46,4.54,4.69,4.85,3.95,4.36,t,1,1,0,0,1.42,40,12206,38931,15.83333333,4.564348191,0.045454545,1,2
8.47e+17,city scrape,"Welcome to our beautiful 3-bedroom, 2-full bathroom home with laundry in the unit! With modern furnishings, comfortable beds, and all the amenities you need, this space is perfect for families, groups of friends, or business travelers. Located in the uptown Manning Boulevard neighborhood, you'll be just a short drive away from local attractions and delicious restaurants. Whether you're here for work or play, this home will provide you with a comfortable and convenient stay. Book your stay today!",49372011,https://www.airbnb.com/users/show/49372011,11/18/2015,"Albany, NY",within an hour,100%,93%,t,,2,2,"['email', 'phone']",t,t,,TWELFTH WARD,,42.67336,-73.78619,Entire rental unit,Entire home/apt,7,2.0,2 baths,3,3,"[""Iron"", ""Heating - split type ductless system"", ""Coffee maker"", ""Shampoo"", ""Refrigerator"", ""Exterior security cameras on property"", ""Essentials"", ""Cooking basics"", ""Self check-in"", ""Conditioner"", ""Kitchen"", ""Washer"", ""First aid kit"", ""Shower gel"", ""Hangers"", ""Free dryer \u2013 In unit"", ""Keypad"", ""TV"", ""Bathtub"", ""Bed linens"", ""Extra pillows and blankets"", ""Stove"", ""Fire extinguisher"", ""Body soap"", ""Smoke alarm"", ""Air conditioning"", ""Hair dryer"", ""Microwave"", ""Dining table"", ""Carbon monoxide alarm"", ""Oven"", ""Hot water"", ""Wifi"", ""Cleaning products"", ""Dishwasher"", ""Dishes and silverware""]",196,3,1125,3,3,1125,1125,3.0,1125.0,,t,0,0,0,121,19,7,0,0,7,42,8232,4/14/2023,1/24/2025,4.68,4.79,4.74,4.68,4.84,4.42,4.68,t,2,2,0,0,0.76,36,12206,38931,28.0,5.283203729,0.090909091,1,2
8.58e+17,city scrape,"Relax in a newly renovated one bedroom/one bathroom apartment located on the 2nd floor of a charming brownstone building. It features lofty ceilings with beautiful architecture and a newly updated kitchen. Conveniently located to the Palace Theater, Capitol Rep Theater, Times Union Center and the Empire State Plaza. This rental is in walking distance to many popular eateries, bars, and more to explore! Laundry on Site for Long-Term Stays",60293220,https://www.airbnb.com/users/show/60293220,2/24/2016,"Latham, NY",within an hour,100%,100%,t,Ten Broeck Triangle,3,3,"['email', 'phone', 'work_email']",t,t,Neighborhood highlights,THIRD WARD,,42.65817,-73.74935,Entire rental unit,Entire home/apt,2,1.0,1 bath,1,1,"[""Iron"", ""Coffee"", ""Window AC unit"", ""42 inch TV with Amazon Prime Video, Hulu, Netflix, Roku"", ""Shampoo"", ""Refrigerator"", ""Coffee maker: drip coffee maker"", ""Long term stays allowed"", ""Essentials"", ""Toaster"", ""Cooking basics"", ""Freezer"", ""Hot water kettle"", ""Self check-in"", ""Cleaning available during stay"", ""Clothing storage: closet and dresser"", ""Kitchen"", ""First aid kit"", ""Portable fans"", ""Hangers"", ""Wine glasses"", ""Free dryer \u2013 In unit"", ""Single oven"", ""Bathtub"", ""Bed linens"", ""Lockbox"", ""Extra pillows and blankets"", ""Fire extinguisher"", ""Body soap"", ""Smoke alarm"", ""Free washer \u2013 In building"", ""Hair dryer"", ""Free parking on premises"", ""Microwave"", ""Dedicated workspace"", ""Carbon monoxide alarm"", ""Hot water"", ""Gas stove"", ""Wifi"", ""Cleaning products"", ""Laundromat nearby"", ""Radiant heating"", ""Dishes and silverware""]",89,2,365,3,4,365,365,3.7,365.0,,t,22,52,74,344,21,9,1,224,8,54,4806,5/24/2023,4/8/2025,4.81,4.81,4.81,4.9,4.9,4.62,4.86,f,3,3,0,0,0.89,43,12207,32418,44.5,4.49980967,0.136363636,1,3
8.8e+17,city scrape,"Welcome to our beautiful 3-bedroom, 2-full bathroom home with laundry in the unit! With modern furnishings, comfortable beds, and all the amenities you need, this space is perfect for families, groups of friends, or business travelers. Located in the uptown Manning Boulevard neighborhood, you'll be just a short drive away from local attractions and delicious restaurants. Whether you're here for work or play, this home will provide you with a comfortable and convenient stay!",49372011,https://www.airbnb.com/users/show/49372011,11/18/2015,"Albany, NY",within an hour,100%,93%,t,,2,2,"['email', 'phone']",t,t,,ELEVENTH WARD,,42.67355,-73.78496,Entire rental unit,Entire home/apt,7,2.0,2 baths,3,3,"[""Self check-in"", ""Heating"", ""Carbon monoxide alarm"", ""Fire extinguisher"", ""Kitchen"", ""Washer"", ""First aid kit"", ""Wifi"", ""Hair dryer"", ""Exterior security cameras on property"", ""Smoke alarm"", ""Air conditioning"", ""Keypad"", ""TV""]",251,2,1125,2,2,1125,1125,2.0,1125.0,,t,28,58,88,241,26,7,0,120,8,42,10542,5/14/2023,9/2/2024,4.85,4.96,4.96,4.85,5.0,4.42,4.65,t,2,2,0,0,1.08,14,12206,38931,35.85714286,5.529429088,0.090909091,1,2
8.87e+17,city scrape,Your family will be close to everything when you stay at this centrally-located place.,459472925,https://www.airbnb.com/users/show/459472925,5/16/2022,"Albany, NY",within a few hours,80%,58%,f,West Hill,2,2,['phone'],t,t,,THIRD WARD,,42.66246,-73.76576,Private room in rental unit,Private room,1,1.0,1 shared bath,1,2,"[""Iron"", ""Heating - split type ductless system"", ""Coffee"", ""Coffee maker: pour-over coffee"", ""Ethernet connection"", ""Shampoo"", ""Refrigerator"", ""Long term stays allowed"", ""Free dryer"", ""Exterior security cameras on property"", ""Essentials"", ""Toaster"", ""Cooking basics"", ""Self check-in"", ""Lock on bedroom door"", ""Kitchen"", ""Washer"", ""Smart lock"", ""Shower gel"", ""Hangers"", ""Ceiling fan"", ""Wine glasses"", ""TV"", ""Room-darkening shades"", ""Bed linens"", ""Fire extinguisher"", ""Smoke alarm"", ""Air conditioning"", ""Hair dryer"", ""Free parking on premises"", ""Clothing storage: walk-in closet"", ""Microwave"", ""Trash compactor"", ""Dedicated workspace"", ""Carbon monoxide alarm"", ""Hot water"", ""Wifi"", ""Blender"", ""Dishes and silverware""]",36,1,1125,1,1,1125,1125,1.0,1125.0,,t,24,54,84,358,26,9,0,238,12,54,1944,6/6/2023,2/17/2025,4.73,4.69,4.69,4.92,5.0,4.12,4.65,f,2,0,2,0,1.12,39,12206,38931,36.0,3.610917913,0.090909091,0,1
8.87e+17,city scrape,"Comfortable home, away from home.",459472925,https://www.airbnb.com/users/show/459472925,5/16/2022,"Albany, NY",within a few hours,80%,58%,f,West Hill,2,2,['phone'],t,t,,THIRD WARD,,42.6628771,-73.7653403,Private room in rental unit,Private room,2,1.5,1.5 baths,1,1,"[""Iron"", ""Heating - split type ductless system"", ""Mini fridge"", ""Exterior security cameras on property"", ""Cooking basics"", ""Self check-in"", ""Lock on bedroom door"", ""Kitchen"", ""Washer"", ""First aid kit"", ""Smart lock"", ""Hangers"", ""Gym"", ""TV"", ""Bed linens"", ""Extra pillows and blankets"", ""Fire extinguisher"", ""Smoke alarm"", ""Air conditioning"", ""Microwave"", ""Exercise equipment"", ""Dedicated workspace"", ""Dryer"", ""Carbon monoxide alarm"", ""Hot water"", ""Wifi""]",36,1,365,1,1,365,365,1.0,365.0,,t,0,23,50,324,29,16,0,204,18,96,3456,5/19/2023,11/15/2024,4.83,4.83,4.72,5.0,4.97,4.38,4.83,f,2,0,2,0,1.22,26,12206,38931,18.0,3.610917913,0.090909091,0,1
9.19e+17,city scrape,Relax with the whole family at this peaceful place to stay.,502751555,https://www.airbnb.com/users/show/502751555,2/25/2023,,Unknown,,50%,f,,1,1,['phone'],f,f,,FIFTH WARD,,42.67292,-73.7776,Private room in rental unit,Private room,2,1.0,1 bath,1,1,"[""Kitchen"", ""Washer"", ""Wifi"", ""Smoke alarm"", ""TV"", ""Free parking on premises""]",93,1,365,1,1,365,365,1.0,365.0,,t,30,60,90,364,0,0,0,244,0,0,0,,,,0.0,0.0,0.0,0.0,0.0,0.0,f,1,0,1,0,1.21,6,12206,38931,46.5,4.543294782,0.045454545,0,1
9.38e+17,city scrape,"Off the highway, close to restaurants, shopping, hospitals, colleges, and bus line.  This special place is close to everything, making it easy to plan your visit.",132766782,https://www.airbnb.com/users/show/132766782,5/31/2017,"Albany, NY",within a few hours,100%,94%,t,Upper Washington Avenue,3,3,"['email', 'phone']",t,t,Neighborhood highlights,TWELFTH WARD,,42.67398,-73.79126,Entire rental unit,Entire home/apt,4,1.0,1 bath,2,2,"[""Iron"", ""Refrigerator"", ""Long term stays allowed"", ""Coffee maker: drip coffee maker"", ""Essentials"", ""Toaster"", ""Cooking basics"", ""Freezer"", ""Unscented eco friendly  body soap"", ""Drying rack for clothing"", ""Free dryer \u2013 In building"", ""Hot water kettle"", ""Barbecue utensils"", ""Baking sheet"", ""Kitchen"", ""Washer"", ""First aid kit"", ""Unscented natural eco friendly  shampoo"", ""Portable fans"", ""Ceiling fan"", ""Hangers"", ""Wine glasses"", ""TV"", ""Room-darkening shades"", ""Bathtub"", ""Bed linens"", ""Extra pillows and blankets"", ""Stove"", ""Fire extinguisher"", ""BBQ grill"", ""Smoke alarm"", ""Air conditioning"", ""Hair dryer"", ""Free parking on premises"", ""Fire pit"", ""Microwave"", ""Unscented natural eco friendly  conditioner"", ""Central heating"", ""Dedicated workspace"", ""Carbon monoxide alarm"", ""Oven"", ""Hot water"", ""Outdoor dining area"", ""Wifi"", ""Cleaning products"", ""Shared backyard \u2013 Fully fenced"", ""Outdoor furniture"", ""Dishes and silverware""]",128,3,365,3,3,365,365,3.0,365.0,,t,21,51,81,260,9,8,0,235,8,48,6144,4/20/2024,2/17/2025,5.0,5.0,5.0,4.78,5.0,4.89,4.89,f,1,1,0,0,0.71,48,12206,38931,32.0,4.859812404,0.045454545,1,2
9.4e+17,city scrape,"Enjoy this sunny king master bedroom with private luxurious bath. Relax in the garden, swing in the hammock, walk to a nearby bar, or travel 8 minutes and  listen to some of the Capital Region's exceptional music. This centrally located space has it all!  Walking distance to local bars and restaurants, and a 15 minute drive to trails and state parks. Backyard fire pit, large garden with sitting areas, fruit trees, herbs, hammocks, and spaces to unwind, you won't even know you are in the city!",172539578,https://www.airbnb.com/users/show/172539578,2/9/2018,"Albany, NY",within an hour,100%,100%,f,,3,4,"['email', 'phone']",t,t,,FIFTEENTH WARD,,42.68001107,-73.81705996,Private room in home,Private room,2,1.0,1 private bath,1,1,"[""Books and reading material"", ""Iron"", ""Single level home"", ""Mini fridge"", ""Luggage dropoff allowed"", ""Window AC unit"", ""Hammock"", ""Shampoo"", ""Refrigerator"", ""Long term stays allowed"", ""Exterior security cameras on property"", ""Essentials"", ""Cooking basics"", ""Freezer"", ""Piano"", ""Barbecue utensils"", ""Self check-in"", ""Baking sheet"", ""Conditioner"", ""Lock on bedroom door"", ""Kitchen"", ""Washer"", ""First aid kit"", ""Patio or balcony"", ""Portable fans"", ""Hangers"", ""Wine glasses"", ""Gym"", ""Kayak"", ""TV"", ""Indoor fireplace"", ""Room-darkening shades"", ""Bathtub"", ""Bed linens"", ""Backyard"", ""Lockbox"", ""Extra pillows and blankets"", ""Stove"", ""Fire extinguisher"", ""Body soap"", ""Board games"", ""BBQ grill"", ""Smoke alarm"", ""Free parking on premises"", ""Fire pit"", ""Sound system"", ""Dining table"", ""Heating"", ""Exercise equipment"", ""Dedicated workspace"", ""Dryer"", ""Carbon monoxide alarm"", ""Oven"", ""Hot water"", ""Record player"", ""Outdoor dining area"", ""Wifi"", ""Free street parking"", ""Cleaning products"", ""Blender"", ""Dishwasher"", ""Clothing storage"", ""Fireplace guards"", ""Dishes and silverware""]",53,3,365,3,3,365,365,3.0,365.0,,t,25,55,84,84,6,3,1,84,3,18,954,8/23/2023,4/9/2025,5.0,5.0,5.0,5.0,5.0,5.0,4.83,f,3,1,2,0,0.29,64,12226,69505,26.5,3.988984047,0.136363636,0,2
9.43e+17,city scrape,"Place is within 2-3 miles of AMC, St. Peter's,  UAlbany, SUNY, College of St. Rose, Washington park, Empire State Plaza, and many other establishments.<br /><br />Only 15 minute ride to the airport !",116935236,https://www.airbnb.com/users/show/116935236,2/18/2017,"Murrieta, CA",within an hour,100%,77%,t,,5,5,"['email', 'phone', 'work_email']",t,t,Neighborhood highlights,ELEVENTH WARD,,42.67034,-73.7851,Private room in home,Private room,2,2.0,2 shared baths,1,1,"[""Books and reading material"", ""Iron"", ""Shampoo"", ""Exterior security cameras on property"", ""Essentials"", ""Toaster"", ""Hot water kettle"", ""Self check-in"", ""Dishes and silverware"", ""Conditioner"", ""Lock on bedroom door"", ""First aid kit"", ""Pets allowed"", ""Smart lock"", ""Hangers"", ""TV"", ""Bathtub"", ""Bed linens"", ""Portable heater"", ""Extra pillows and blankets"", ""Fire extinguisher"", ""BBQ grill"", ""Smoke alarm"", ""Air conditioning"", ""Microwave"", ""Kitchenette"", ""Central heating"", ""Dedicated workspace"", ""Carbon monoxide alarm"", ""Hot water"", ""Wifi"", ""Cleaning products"", ""Suave and other comparable brands  body soap"", ""Safe""]",54,2,365,2,2,365,365,2.0,365.0,,t,30,33,33,292,18,12,0,172,17,72,3888,1/14/2024,1/18/2025,5.0,5.0,5.0,5.0,5.0,5.0,5.0,f,5,0,5,0,1.14,34,12206,38931,27.0,4.007333185,0.227272727,0,3
9.65e+17,city scrape,"Beautiful and spacious 2 bedroom, 1.5 bathroom in a downtown historic brownstone. Recently renovated with modern updates. 2 floors of living space. Outdoor space. Walking distance to many points of interests, restaurants, bars, and breweries.",533703131,https://www.airbnb.com/users/show/533703131,8/24/2023,,within an hour,100%,71%,f,Arbor Hill,1,1,"['email', 'phone']",t,t,,THIRD WARD,,42.65665876,-73.7493968,Entire rental unit,Entire home/apt,4,1.5,1.5 baths,2,2,"[""Books and reading material"", ""Iron"", ""Coffee"", ""Luggage dropoff allowed"", ""Shampoo"", ""Refrigerator"", ""Coffee maker: drip coffee maker"", ""Long term stays allowed"", ""Exterior security cameras on property"", ""Essentials"", ""Toaster"", ""Cooking basics"", ""Freezer"", ""Hot water kettle"", ""Electric stove"", ""Self check-in"", ""Conditioner"", ""Kitchen"", ""Washer"", ""Pets allowed"", ""Private patio or balcony"", ""Hangers"", ""Ceiling fan"", ""Free dryer \u2013 In unit"", ""Single oven"", ""TV"", ""Wine glasses"", ""Keypad"", ""Room-darkening shades"", ""Bathtub"", ""Bed linens"", ""Extra pillows and blankets"", ""Fire extinguisher"", ""Private entrance"", ""Body soap"", ""Clothing storage: walk-in closet, closet, and dresser"", ""Smoke alarm"", ""Air conditioning"", ""Hair dryer"", ""Microwave"", ""Dining table"", ""Central heating"", ""Carbon monoxide alarm"", ""Hot water"", ""Wifi"", ""Free street parking"", ""Cleaning products"", ""Dishwasher"", ""Outdoor furniture"", ""Dishes and silverware""]",94,1,365,1,1,365,365,1.0,365.0,,t,7,7,7,7,4,4,4,7,0,24,2256,4/9/2025,4/30/2025,5.0,5.0,5.0,5.0,5.0,5.0,5.0,t,1,1,0,0,4.0,50,12207,32418,23.5,4.553876892,0.045454545,1,2
9.83e+17,city scrape,"Discover Arbor Hill -<br />“The House That Pat Built” is a beautifully renovated building, in the heart of the Arbor Hill community of Albany, NY. We have taken ample time to carefully craft this space with tasteful décor, to maximize its potential and ensure your enjoyment. The space has been completely renovated with all new flooring, furniture, and décor. The space is moderately large, private, comfortable and full of charm. This apartment is on the first floor of a two family house.",114183978,https://www.airbnb.com/users/show/114183978,1/31/2017,"Washington, DC",within a few hours,100%,40%,f,West Hill,1,1,"['email', 'phone', 'work_email']",t,t,Neighborhood highlights,FIFTH WARD,,42.66628,-73.76512,Entire rental unit,Entire home/apt,4,1.0,1 bath,2,4,"[""Books and reading material"", ""Single level home"", ""Coffee"", ""Coffee maker"", ""Ethernet connection"", ""Shampoo"", ""Refrigerator"", ""Exterior security cameras on property"", ""Essentials"", ""Toaster"", ""Cooking basics"", ""Freezer"", ""Stainless steel single oven"", ""Barbecue utensils"", ""Electric stove"", ""Self check-in"", ""Baking sheet"", ""Kitchen"", ""Washer"", ""First aid kit"", ""Portable fans"", ""Shower gel"", ""Hangers"", ""Wine glasses"", ""Keypad"", ""TV"", ""Outlet covers"", ""Bathtub"", ""Bed linens"", ""Backyard"", ""Extra pillows and blankets"", ""Fire extinguisher"", ""Board games"", ""Bluetooth sound system"", ""BBQ grill"", ""Smoke alarm"", ""Air conditioning"", ""Clothing storage: closet"", ""Fire pit"", ""Shared patio or balcony"", ""Microwave"", ""Dining table"", ""Heating"", ""Dedicated workspace"", ""Dryer"", ""Carbon monoxide alarm"", ""Hot water"", ""Outdoor dining area"", ""Wifi"", ""Free street parking"", ""Cleaning products"", ""Laundromat nearby"", ""Blender"", ""Outdoor furniture"", ""Dishes and silverware""]",90,2,28,2,2,28,28,2.0,28.0,,t,22,52,81,81,4,0,0,81,3,0,0,10/22/2023,4/18/2024,4.0,4.25,4.0,4.0,4.5,3.75,4.0,f,1,1,0,0,0.21,55,12206,38931,22.5,4.510859507,0.045454545,1,3
1.02e+18,city scrape,"Enjoy a stylish experience at this centrally-located place. The unit is newly renovated with a 4K Smart TV, in unit washer/dryer, updated kitchen and bathroom, high speed internet. <br /><br />You will also have access to the building gym.",47625981,https://www.airbnb.com/users/show/47625981,10/28/2015,"Albany, NY",within an hour,97%,97%,f,Mansion Area,19,19,"['email', 'phone']",t,t,Neighborhood highlights,THIRD WARD,,42.65971,-73.76382,Entire rental unit,Entire home/apt,3,1.0,1 bath,1,1,"[""Iron"", ""Single level home"", ""Heating - split type ductless system"", ""Coffee maker: Keurig coffee machine"", ""Coffee"", ""Shampoo"", ""Refrigerator"", ""Long term stays allowed"", ""Essentials"", ""Cooking basics"", ""Freezer"", ""Self check-in"", ""Cleaning available during stay"", ""Kitchen"", ""Washer"", ""Pets allowed"", ""Shower gel"", ""Hangers"", ""Wine glasses"", ""Free dryer \u2013 In unit"", ""TV"", ""Room-darkening shades"", ""Bed linens"", ""Lockbox"", ""Stove"", ""Hockey rink"", ""Smoke alarm"", ""Air conditioning"", ""Hair dryer"", ""Microwave"", ""Dining table"", ""Stainless steel oven"", ""Dedicated workspace"", ""Carbon monoxide alarm"", ""Hot water"", ""Wifi"", ""Cleaning products"", ""Dishwasher"", ""Dishes and silverware""]",107,1,365,1,2,1125,1125,1.3,1125.0,,t,23,51,78,257,28,22,0,232,24,132,14124,12/3/2023,3/10/2025,4.57,4.75,4.79,4.64,4.71,4.07,4.71,f,18,18,0,0,1.62,39,12206,38931,35.66666667,4.682131227,0.818181818,1,2
1.02e+18,city scrape,"Our place offers ample space for the entire group to spread out & relax.  3 bedrooms, a cozy living area, large dining table, there's plenty of room for everybody, You will all be able to appreciate the shared moments & the personal space.  We have an early check in of 3PM, and are centrally located in the City of Albany.  You have easy access to the city's attractions such as SUNY Albany, or the MVP center, & if you're exploring the area on a broader scale, highway entrances are within minutes.",496990578,https://www.airbnb.com/users/show/496990578,1/19/2023,"Albany, NY",within a few hours,100%,98%,t,Beverwyck,1,2,['phone'],t,f,Neighborhood highlights,ELEVENTH WARD,,42.66838,-73.77868,Entire home,Entire home/apt,6,1.0,1 bath,3,3,"[""Books and reading material"", ""Iron"", ""Coffee"", ""Luggage dropoff allowed"", ""Shampoo"", ""Refrigerator"", ""Coffee maker: drip coffee maker"", ""Long term stays allowed"", ""Exterior security cameras on property"", ""Essentials"", ""Toaster"", ""Cooking basics"", ""Freezer"", ""Free dryer \u2013 In building"", ""Hot water kettle"", ""Self check-in"", ""Baking sheet"", ""Conditioner"", ""Clothing storage: closet and dresser"", ""Kitchen"", ""First aid kit"", ""Ceiling fan"", ""Hangers"", ""Wine glasses"", ""Keypad"", ""Washer \u2013\u00a0In building"", ""Room-darkening shades"", ""Bed linens"", ""Stove"", ""Fire extinguisher"", ""Private entrance"", ""Body soap"", ""Smoke alarm"", ""Free parking on premises \u2013 4 spaces"", ""Air conditioning"", ""Hair dryer"", ""Sound system"", ""Microwave"", ""Stainless steel oven"", ""Dedicated workspace"", ""Carbon monoxide alarm"", ""Hot water"", ""Wifi"", ""Free street parking"", ""Cleaning products"", ""50 inch HDTV"", ""Dishwasher"", ""Radiant heating"", ""Dishes and silverware""]",116,2,1125,2,2,1125,1125,2.0,1125.0,,t,21,22,25,25,80,58,1,25,68,255,29580,12/3/2023,4/13/2025,4.85,4.81,4.83,4.95,4.95,4.36,4.8,f,1,1,0,0,4.64,49,12206,38931,19.33333333,4.762173935,0.045454545,1,1
1.08e+18,city scrape,"Cozy, private house, living room with 50"" smart TV and Wi-Fi access. Off street parking. Newly painted and furnished throughout. Quick Uber/Lyft to historic downtown, dining, Palace Theatre, NYS Museum, Proctors, MVP Arena, The Egg, shopping and local colleges. . 30-minute drive to Saratoga Racecourse & SPAC. Dogs welcome on a leash, the yard is NOT fully fenced. Walk to the dog park. Pots, pans, dishes, glassware, towels and linens provided. Peaceful and centrally-located to many excursions.",542733174,https://www.airbnb.com/users/show/542733174,10/20/2023,,within an hour,100%,92%,t,Upper Washington Avenue,1,1,"['email', 'phone']",f,t,,TWELFTH WARD,,42.67908,-73.79505,Entire home,Entire home/apt,5,1.0,1 bath,2,2,"[""Single level home"", ""Refrigerator"", ""Exterior security cameras on property"", ""Toaster"", ""Cooking basics"", ""Freezer"", ""Coffee maker: french press, Keurig coffee machine"", ""Hot water kettle"", ""Self check-in"", ""Baking sheet"", ""Kitchen"", ""First aid kit"", ""Pets allowed"", ""Smart lock"", ""Private patio or balcony"", ""Hangers"", ""Wine glasses"", ""Private backyard"", ""Washer \u2013\u00a0In building"", ""TV"", ""Room-darkening shades"", ""Bathtub"", ""Bed linens"", ""Extra pillows and blankets"", ""Stove"", ""Fire extinguisher"", ""Private entrance"", ""Smoke alarm"", ""Hair dryer"", ""Microwave"", ""Central heating"", ""Dryer"", ""Carbon monoxide alarm"", ""Oven"", ""Hot water"", ""Outdoor dining area"", ""Wifi"", ""Free street parking"", ""Cleaning products"", ""Free parking on premises \u2013 2 spaces"", ""Central air conditioning"", ""Outdoor furniture"", ""Clothing storage"", ""Dishes and silverware""]",140,2,14,2,2,14,14,2.0,14.0,,t,4,19,43,110,22,16,1,85,19,96,13440,2/4/2024,4/7/2025,4.95,4.95,5.0,4.95,4.73,4.91,5.0,f,1,1,0,0,1.45,44,12206,38931,28.0,4.94875989,0.045454545,1,2
1.09e+18,city scrape,The whole group will enjoy easy access to everything from this centrally located place. Enjoy all the eateries around the city. Short distance to all the local hospitals and colleges. Bring your pets as we have a fenced in backyard and quite neighbors !,521669673,https://www.airbnb.com/users/show/521669673,6/23/2023,"New York, NY",within a few hours,90%,55%,t,Arbor Hill,5,6,"['email', 'phone']",t,t,,THIRD WARD,,42.65975,-73.76311,Entire rental unit,Entire home/apt,4,1.0,1 bath,1,1,"[""Refrigerator"", ""Long term stays allowed"", ""Coffee maker: drip coffee maker"", ""Cooking basics"", ""Stainless steel single oven"", ""Freezer"", ""Self check-in"", ""Kitchen"", ""First aid kit"", ""Pets allowed"", ""Keypad"", ""TV"", ""Fire extinguisher"", ""Smoke alarm"", ""Free parking on premises"", ""Microwave"", ""Heating"", ""Carbon monoxide alarm"", ""Hot water"", ""Wifi"", ""Laundromat nearby"", ""Dishes and silverware""]",75,14,365,14,14,365,365,14.0,365.0,,t,13,43,73,252,1,1,0,227,1,28,2100,11/24/2024,11/24/2024,5.0,5.0,5.0,5.0,5.0,5.0,5.0,f,4,4,0,0,0.19,22,12206,38931,18.75,4.33073334,0.181818182,1,2
1.11e+18,city scrape,Forget your worries in this spacious and serene space.,539608284,https://www.airbnb.com/users/show/539608284,9/29/2023,,within a few hours,80%,70%,f,Sheridan Hollow,10,10,"['email', 'phone']",t,t,,THIRD WARD,,42.66141,-73.76361,Private room in rental unit,Private room,1,1.0,1 bath,1,1,"[""Lock on bedroom door"", ""Wifi"", ""Smoke alarm"", ""Air conditioning"", ""TV""]",54,30,365,30,30,365,365,30.0,365.0,,t,30,60,90,364,0,0,0,244,0,0,0,,,,0.0,0.0,0.0,0.0,0.0,0.0,f,1,0,1,0,1.21,5,12206,38931,54.0,4.007333185,0.045454545,0,2
1.15e+18,city scrape,"This Unit located close to The College of Saint Rose, U-Albany, Albany Med, Albany Law, and Downtown Albany. This would make for a great property for a perfect night spend or spend a vacation and holiday. Everything Is cleaned tiles got polished with the woodwork Inc multiple amenities' and the free side street parking as well.  All utilities are separate, and this property generates great Impression!",575030103,https://www.airbnb.com/users/show/575030103,4/30/2024,,within a few hours,100%,97%,t,Central Avenue,2,2,"['email', 'phone', 'work_email']",t,t,,ELEVENTH WARD,,42.66259,-73.7733,Private room in rental unit,Private room,1,0.5,Private half-bath,1,1,"[""Dedicated workspace"", ""Lock on bedroom door"", ""Fire extinguisher"", ""Kitchen"", ""Washer"", ""Wifi"", ""Smoke alarm"", ""TV"", ""Free parking on premises""]",50,2,365,2,2,365,365,2.0,365.0,,t,28,58,86,266,19,19,2,240,15,114,5700,5/9/2024,4/28/2025,4.95,4.95,4.84,4.89,4.79,4.58,4.79,f,2,1,1,0,1.59,9,12206,38931,50.0,3.931825633,0.090909091,0,3
1.22e+18,city scrape,Forget your worries in this spacious and serene space.,575030103,https://www.airbnb.com/users/show/575030103,4/30/2024,,within a few hours,100%,97%,t,Central Avenue,2,2,"['email', 'phone', 'work_email']",t,t,,ELEVENTH WARD,,42.6633254,-73.7742255,Entire rental unit,Entire home/apt,4,1.0,1 bath,3,3,"[""Dedicated workspace"", ""Kitchen"", ""Wifi"", ""Smoke alarm"", ""Air conditioning"", ""TV"", ""Free parking on premises""]",99,3,365,3,3,365,365,3.0,365.0,,t,20,50,72,343,7,7,0,222,5,42,4158,10/14/2024,3/2/2025,4.43,4.71,4.57,4.29,4.43,3.86,4.43,f,2,1,1,0,1.04,7,12206,38931,24.75,4.605170186,0.090909091,1,3
1.27e+18,city scrape,"This special place is close to everything, making it easy to plan your visit. This apartment is new with new appliances, Kitchen, bath, floors, electric, plumbing, roof, etc. Property is a 2 Bedrooms and 1 bathroom in a historic two family home located in the sought after historical neighborhood of West Hill. This home is close to major highways, transit and a short distance to Hospitals, SUNY Albany, downtown Albany, and many other amenities… Room is fully furnished and has own thermostat..",32379616,https://www.airbnb.com/users/show/32379616,5/1/2015,United States,within a day,90%,23%,f,Pine Hills,6,11,"['email', 'phone']",t,t,,THIRD WARD,,42.66487531,-73.76730339,Entire home,Entire home/apt,4,1.0,1 bath,1,1,"[""Self check-in"", ""Bathtub"", ""Lockbox"", ""Carbon monoxide alarm"", ""Kitchen"", ""Hot water"", ""Wifi"", ""Smoke alarm"", ""Air conditioning"", ""Cooking basics"", ""Free parking on premises""]",89,28,365,28,28,365,365,28.0,365.0,,t,14,32,62,336,0,0,0,216,0,0,0,,,,0.0,0.0,0.0,0.0,0.0,0.0,f,5,3,2,0,1.21,11,12206,38931,22.25,4.49980967,0.227272727,1,2
1.3e+18,city scrape,"Welcome to your private bedroom in this newly renovated 4-bedroom, 1-bathroom apartment in the heart of Albany! Enjoy the warmth of refinished 130-year-old hardwood floors and relax by the custom stone fireplace with a 50-inch Samsung Smart TV. The fully equipped kitchen includes a dishwasher, and laundry facilities are conveniently located in the basement. Blackout curtains in each room provide a peaceful night's sleep. Free street parking is available. Please note that guests are not allowed.",349460842,https://www.airbnb.com/users/show/349460842,6/10/2020,"Albany, NY",within an hour,100%,98%,t,Pine Hills,17,17,"['email', 'phone']",t,t,,THIRTEENTH WARD,,42.6634563,-73.78182815,Private room in home,Private room,1,1.0,1 shared bath,1,1,"[""Iron"", ""Coffee maker"", ""Shampoo"", ""Refrigerator"", ""Long term stays allowed"", ""Exterior security cameras on property"", ""Essentials"", ""Toaster"", ""Cooking basics"", ""Freezer"", ""Hot water kettle"", ""Barbecue utensils"", ""Self check-in"", ""Baking sheet"", ""Conditioner"", ""Lock on bedroom door"", ""Housekeeping available 1 day a week"", ""Kitchen"", ""Washer"", ""First aid kit"", ""Patio or balcony"", ""Portable fans"", ""Shower gel"", ""Hangers"", ""Wine glasses"", ""Keypad"", ""Indoor fireplace"", ""TV"", ""Private living room"", ""Room-darkening shades"", ""Bed linens"", ""Backyard"", ""Extra pillows and blankets"", ""Stove"", ""Fire extinguisher"", ""Private entrance"", ""Smoke alarm"", ""Air conditioning"", ""Hair dryer"", ""Microwave"", ""Dining table"", ""Heating"", ""Dedicated workspace"", ""Dryer"", ""Carbon monoxide alarm"", ""Oven"", ""Hot water"", ""Wifi"", ""Free street parking"", ""Cleaning products"", ""Laundromat nearby"", ""Dishwasher"", ""Outdoor furniture"", ""Clothing storage"", ""Dishes and silverware""]",70,30,365,30,30,365,365,30.0,365.0,,t,0,0,17,291,0,0,0,171,0,0,0,,,,0.0,0.0,0.0,0.0,0.0,0.0,f,17,4,13,0,1.21,55,12206,38931,70.0,4.262679877,0.772727273,0,2
1.36e+18,city scrape,"Peaceful apartment in a fully detached house with free parking. Apartment is fully furnished, all utilities included. Brand new washer and dryer installed. Property is a 2 Bedrooms and 1 bathroom in a historic two family home located in the sought after historical neighborhood of West Hill. This home is close to major highways, transit and a short distance to AMC, St. Peter’s, SUNY Albany… Apartment is fully furnished. Each room has its own thermostat. Professionals and students welcome.",32379616,https://www.airbnb.com/users/show/32379616,5/1/2015,United States,within a day,90%,23%,f,Pine Hills,6,11,"['email', 'phone']",t,t,,THIRD WARD,,42.66526305,-73.7671607,Entire rental unit,Entire home/apt,4,1.0,1 bath,2,2,"[""Iron"", ""Coffee maker: drip coffee maker"", ""Private backyard \u2013 Fully fenced"", ""Cooking basics"", ""Washer \u2013\u00a0In unit"", ""Electric stove"", ""Clothing storage: closet and dresser"", ""Kitchen"", ""Hangers"", ""Single oven"", ""TV"", ""Room-darkening shades"", ""Dryer \u2013\u00a0In unit"", ""Whirlpool  refrigerator"", ""Bathtub"", ""Bed linens"", ""Private entrance"", ""BBQ grill"", ""Smoke alarm"", ""Air conditioning"", ""Free parking on premises"", ""Microwave"", ""Dining table"", ""Dedicated workspace"", ""Carbon monoxide alarm"", ""Hot water"", ""Outdoor dining area"", ""Wifi"", ""Free street parking"", ""Cleaning products"", ""Laundromat nearby"", ""Outdoor furniture"", ""Radiant heating"", ""Dishes and silverware""]",76,28,365,28,28,365,365,28.0,365.0,,t,0,30,60,335,0,0,0,214,0,0,0,,,,0.0,0.0,0.0,0.0,0.0,0.0,f,5,3,2,0,1.21,34,12206,38931,19.0,4.343805422,0.227272727,1,2
1.38e+18,city scrape,Enjoy a brand new furnished studio in a modern building with brand new amenities right across from<br />UAlbany.,26674574,https://www.airbnb.com/users/show/26674574,1/25/2015,"Albany, NY",within a few hours,100%,88%,f,,2,2,"['email', 'phone']",t,t,,TWELFTH WARD,,42.6868252,-73.8111413,Entire rental unit,Entire home/apt,2,1.0,1 bath,1,1,"[""Shampoo"", ""Refrigerator"", ""Long term stays allowed"", ""Freezer"", ""Hot water kettle"", ""Conditioner"", ""Kitchen"", ""Washer"", ""Shower gel"", ""TV"", ""Room-darkening shades"", ""Shared gym"", ""Bathtub"", ""Bed linens"", ""Housekeeping - available at extra cost"", ""Host greets you"", ""Stove"", ""Body soap"", ""BBQ grill"", ""Smoke alarm"", ""Air conditioning"", ""Pool table"", ""Free parking on premises"", ""Microwave"", ""Heating"", ""Exercise equipment"", ""Dedicated workspace"", ""Rice maker"", ""Oven"", ""Hot water"", ""Outdoor dining area"", ""Wifi"", ""Cleaning products"", ""Dishwasher"", ""Clothing storage"", ""Dishes and silverware""]",64,3,365,3,3,365,365,3.0,365.0,,t,9,39,65,280,1,1,0,160,0,6,384,3/31/2025,3/31/2025,5.0,5.0,5.0,5.0,5.0,5.0,5.0,f,1,1,0,0,0.91,36,12226,69505,32.0,4.17438727,0.045454545,1,2
1.38e+18,city scrape,"Welcome to your cozy Albany retreat! Enjoy a comfortable stay in this well-appointed space, perfect for travelers looking for convenience and relaxation. Your booking includes free parking and a complimentary breakfast to start your day right. Located near shops, restaurants, and downtown Albany, this home offers easy access to local attractions. Whether you’re here for business or leisure, you’ll love the comfort and convenience of this stay. Book now for a relaxing experience!",466790114,https://www.airbnb.com/users/show/466790114,6/29/2022,,within an hour,100%,100%,f,,7,9,['phone'],t,t,,ELEVENTH WARD,,42.68002338,-73.78522331,Room in hotel,Private room,2,1.0,1 private bath,1,1,"[""Coffee"", ""Bidet"", ""Conditioner"", ""Washer"", ""Hangers"", ""Pool"", ""Gym"", ""TV"", ""Bathtub"", ""Bed linens"", ""Fire extinguisher"", ""Body soap"", ""Smoke alarm"", ""Air conditioning"", ""Free parking on premises"", ""Dining table"", ""Heating"", ""Dedicated workspace"", ""Hot water"", ""Wifi"", ""Free street parking"", ""Clothing storage""]",51,1,365,1,1,365,365,1.0,365.0,,t,28,58,88,363,1,1,1,242,0,6,306,4/7/2025,4/7/2025,5.0,5.0,5.0,5.0,5.0,5.0,5.0,t,7,6,1,0,1.0,22,12206,38931,25.5,3.951243719,0.318181818,0,1
1.39e+18,city scrape,"Welcome to your cozy Albany retreat! Enjoy a comfortable stay in this well-appointed space, perfect for travelers looking for convenience and relaxation. Your booking includes free parking and a complimentary breakfast to start your day right. Located near shops, restaurants, and downtown Albany, this home offers easy access to local attractions. Whether you’re here for business or leisure, you’ll love the comfort and convenience of this stay. Book now for a relaxing experience!",466790114,https://www.airbnb.com/users/show/466790114,6/29/2022,,within an hour,100%,100%,f,,7,9,['phone'],t,t,,ELEVENTH WARD,,42.67776,-73.78216,Entire rental unit,Entire home/apt,3,1.0,1 bath,1,1,"[""Breakfast"", ""Coffee"", ""Bidet"", ""Coffee maker"", ""Shampoo"", ""Cooking basics"", ""Conditioner"", ""Kitchen"", ""Shower gel"", ""Pool"", ""TV"", ""Bathtub"", ""Bed linens"", ""Backyard"", ""Body soap"", ""BBQ grill"", ""Smoke alarm"", ""Air conditioning"", ""Free parking on premises"", ""Heating"", ""Dedicated workspace"", ""Wifi"", ""Cleaning products"", ""Clothing storage"", ""Dishes and silverware""]",55,1,365,1,1,365,365,1.0,365.0,,t,30,60,90,364,1,1,1,244,0,6,330,4/14/2025,4/14/2025,5.0,3.0,5.0,5.0,4.0,5.0,5.0,t,7,6,1,0,1.0,25,12206,38931,18.33333333,4.025351691,0.318181818,1,1
1.39e+18,city scrape,"Welcome to your cozy Albany retreat! Enjoy a comfortable stay in this well-appointed space, perfect for travelers looking for convenience and relaxation. Your booking includes free parking and a complimentary breakfast to start your day right. Located near shops, restaurants, and downtown Albany, this home offers easy access to local attractions. Whether you’re here for business or leisure, you’ll love the comfort and convenience of this stay. Book now for a relaxing experience!",466790114,https://www.airbnb.com/users/show/466790114,6/29/2022,,within an hour,100%,100%,f,,7,9,['phone'],t,t,,FIFTH WARD,,42.67652149,-73.78111384,Entire rental unit,Entire home/apt,2,1.0,1 bath,1,1,"[""Breakfast"", ""Coffee"", ""Bidet"", ""Shampoo"", ""Refrigerator"", ""Cooking basics"", ""Hot water kettle"", ""Washer"", ""Patio or balcony"", ""Shower gel"", ""Hangers"", ""Pool"", ""TV"", ""Bathtub"", ""Bed linens"", ""Smoke alarm"", ""Air conditioning"", ""Free parking on premises"", ""Heating"", ""Dedicated workspace"", ""Kitchenette"", ""Hot water"", ""Wifi"", ""Cleaning products"", ""Clothing storage"", ""Dishes and silverware""]",50,1,365,1,1,365,365,1.0,365.0,,t,30,60,90,364,1,1,1,244,0,6,300,4/13/2025,4/13/2025,5.0,5.0,5.0,5.0,5.0,5.0,5.0,t,7,6,1,0,1.0,26,12206,38931,25.0,3.931825633,0.318181818,1,1
1.39e+18,city scrape,"Enjoy a comfortable stay in this cozy Albany hotel room with free breakfast and free parking included. Conveniently located, it’s perfect for travelers looking for a relaxing and affordable stay. The room is clean, well-maintained, and offers essential amenities for a pleasant experience. Whether you’re visiting for business or leisure, you’ll appreciate the easy access to local attractions, dining, and shopping. Book now for a hassle-free stay with great perks!",466790114,https://www.airbnb.com/users/show/466790114,6/29/2022,,within an hour,100%,100%,f,,7,9,['phone'],t,t,,ELEVENTH WARD,,42.67742779,-73.78242873,Entire rental unit,Entire home/apt,4,1.0,1 bath,1,1,"[""Breakfast"", ""Coffee"", ""Bidet"", ""Coffee maker"", ""Shampoo"", ""Cooking basics"", ""Hot water kettle"", ""Conditioner"", ""Kitchen"", ""Washer"", ""Shower gel"", ""Hangers"", ""Pool"", ""TV"", ""Bathtub"", ""Bed linens"", ""Smoke alarm"", ""Air conditioning"", ""Free parking on premises"", ""Heating"", ""Dedicated workspace"", ""Hot water"", ""Wifi"", ""Clothing storage""]",45,1,365,1,1,365,365,1.0,365.0,,t,23,53,83,358,0,0,0,237,0,0,0,,,,0.0,0.0,0.0,0.0,0.0,0.0,t,7,6,1,0,1.21,24,12206,38931,11.25,3.828641396,0.318181818,1,1
1.39e+18,city scrape,"Enjoy a comfortable stay in this cozy Albany hotel room with free breakfast and free parking included. Conveniently located, it’s perfect for travelers looking for a relaxing and affordable stay. The room is clean, well-maintained, and offers essential amenities for a pleasant experience. Whether you’re visiting for business or leisure, you’ll appreciate the easy access to local attractions, dining, and shopping. Book now for a hassle-free stay with great perks!",466790114,https://www.airbnb.com/users/show/466790114,6/29/2022,,within an hour,100%,100%,f,,7,9,['phone'],t,t,,ELEVENTH WARD,,42.67610274,-73.78233683,Entire rental unit,Entire home/apt,4,1.0,1 bath,1,2,"[""Breakfast"", ""Coffee"", ""Bidet"", ""Coffee maker"", ""Shampoo"", ""Refrigerator"", ""Cooking basics"", ""Hot water kettle"", ""Conditioner"", ""Shower gel"", ""Hangers"", ""Pool"", ""TV"", ""Bathtub"", ""Bed linens"", ""Smoke alarm"", ""Air conditioning"", ""Free parking on premises"", ""Heating"", ""Dedicated workspace"", ""Hot water"", ""Wifi"", ""Cleaning products"", ""Clothing storage"", ""Dishes and silverware""]",53,1,365,1,1,365,365,1.0,365.0,,t,28,58,88,362,0,0,0,242,0,0,0,,,,0.0,0.0,0.0,0.0,0.0,0.0,t,7,6,1,0,1.21,25,12206,38931,13.25,3.988984047,0.318181818,1,1
1.39e+18,city scrape,"Enjoy a comfortable stay in this cozy Albany hotel room with free breakfast and free parking included. Conveniently located, it’s perfect for travelers looking for a relaxing and affordable stay. The room is clean, well-maintained, and offers essential amenities for a pleasant experience. Whether you’re visiting for business or leisure, you’ll appreciate the easy access to local attractions, dining, and shopping. Book now for a hassle-free stay with great perks!",466790114,https://www.airbnb.com/users/show/466790114,6/29/2022,,within an hour,100%,100%,f,,7,9,['phone'],t,t,,FIFTH WARD,,42.67651023,-73.78215502,Entire rental unit,Entire home/apt,4,1.0,1 bath,1,2,"[""Breakfast"", ""Coffee"", ""Bidet"", ""Coffee maker"", ""Shampoo"", ""Cooking basics"", ""Hot water kettle"", ""Conditioner"", ""Kitchen"", ""Shower gel"", ""Pool"", ""TV"", ""Bathtub"", ""Bed linens"", ""Smoke alarm"", ""Air conditioning"", ""Free parking on premises"", ""Dedicated workspace"", ""Hot water"", ""Wifi"", ""Clothing storage"", ""Dishes and silverware""]",65,1,365,1,1,365,365,1.0,365.0,,t,29,59,89,364,0,0,0,243,0,0,0,,,,0.0,0.0,0.0,0.0,0.0,0.0,t,7,6,1,0,1.21,22,12206,38931,16.25,4.189654742,0.318181818,1,1
